id,site,job_url,job_url_direct,title,company,location,job_type,date_posted,interval,min_amount,max_amount,currency,is_remote,job_function,emails,description,company_url,company_url_direct,company_addresses,company_industry,company_num_employees,company_revenue,company_description,logo_photo_url,banner_photo_url,ceo_name,ceo_photo_url
5cfaff36df97180a,indeed,https://www.indeed.com/viewjob?jk=5cfaff36df97180a,https://power3.catsone.com/careers/86128-General/jobs/16512405-Application-Engineer-IV/?ref=Indeed,Application Engineer IV,,"Annapolis Junction, MD, US",,2024-07-26,,,,,False,,,"A trusted provider of mission-critical systems and analysis that transform our customers' capacity and capability in harvesting and harnessing data. Working alongside many of the most talented professionals in public service, we work tirelessly to create and sustain new solutions and services that meet the stringent demands across a variety of customer missions.


Our people know they'll be doing work that matters at the heart of the national security mission, exploring new possibilities at the cutting edge of technology. They know they will be well-rewarded and recognized for their commitment. And, they know they will enjoy plentiful opportunities to grow, thrive, and have fun as a member of the family. Join us, where your career is a priority, and your future is our shared goal.


\_\_\_\_\_\_\_\_\_\_\_\_\_\_\_\_\_\_\_\_\_\_\_\_\_\_\_\_\_\_\_\_\_\_\_\_\_\_\_\_\_\_\_\_\_\_\_\_\_\_\_\_\_\_\_\_\_\_\_\_\_\_\_\_\_\_\_\_\_\_


We are seeking an Application Engineer IV.


**Essential Duties and Responsibilities:**


Support an existing Analytic CI/CD that runs on containers, leveraging a developed python analytic library. Advance and maintain the core library, support reliability engineering, and develop new capabilities in python, leveraging AWS infrastructure.


**Required Qualifications:**


* Minimum 5 years of Python development
* AWS Experience
* Gitlab Ci/CD
* Docker


**Preferred Qualifications**


* Strong Python development skills
* AWS Experience
* Gitlab CI/CD
* Docker
* Library Development/Maintenance
* Experience in several of the following areas: statistical analysis, data mining, advanced analytics, data management, machine learning, or artificial intelligence.
* Experience with developing cyber security related analytics. Experience with running analytics against large data repositories.
* Work with SMEs to identify relevant information from data sources.


**Position requires an active TS/SCI with Polygraph level clearance. US citizenship is required.**


**Qualifications:**


BS in Software Engineering, Science, Mathematics, or similar OR equivalent combination of education and experience.


**\_\_\_\_\_\_\_\_\_\_\_\_\_\_\_\_\_\_\_\_\_\_\_\_\_\_\_\_\_\_\_\_\_\_\_\_\_\_\_\_\_\_\_\_\_\_\_\_\_\_\_\_\_\_\_\_\_\_\_\_\_\_\_\_\_\_\_\_\_\_**


All qualified applicants will receive consideration for employment without regard to race, color, religion, sex, pregnancy, sexual orientation, gender identity, national origin, citizenship, family structure, marital status, disability, veteran or military status or any other characteristic protected by law in all phases of the employment process and in compliance with applicable federal, state, and local laws and regulations.


An equal opportunity employer/disability/vet.


Equal opportunity legal notices can be viewed on the following PDFs: Know Your Rights: Workplace Discrimination is Illegal and Pay Transparency Nondiscrimination Provision.


*We are happy to offer a $20,000 sign-on bonus to qualified applicants. Please apply for immediate consideration.*",,,,,,,,,,,
26b5254494de0b31,indeed,https://www.indeed.com/viewjob?jk=26b5254494de0b31,https://oshkoshcorporation.wd5.myworkdayjobs.com/en-US/Oshkosh/job/Oshkosh-Wisconsin-United-States/Data-Engineer-Sr_R30736,Data Engineer Sr,Oshkosh Corporation,"Oshkosh, WI, US",fulltime,2024-07-26,,,,,False,,corporatetalentacquisition@oshkoshcorp.com,"At Oshkosh, we build, serve and protect people and communities around the world by designing and manufacturing some of the toughest specialty trucks and access equipment. We employ over 17,000 team members all united by a common purpose. Our engineering and product innovation help keep soldiers and firefighters safe, is critical in building and keeping communities clean and helps people do their jobs every day.
THE ROLE:
As a key member in the Advanced Data Analytics team, the Data Analyst will work with this and a cross-functional team to develop and execute the data analytics strategy and apply to Oshkosh Corporation products. Advanced Data Analytics wok encompasses the acquisition, processing and machine learning of engineering or service data and application to preventive maintenance and intelligent control of on or off-road vehicles.
YOUR IMPACT:* Design and develop scalable Change Data Capture (CDC) and ETL solutions to deliver data from source systems to analytics platforms (structured and unstructured; batch and streaming).
* Responsible for testing and validation in order to support the accuracy of data transformations and data verification used with enterprise-wide analytics.
* Assist in ensuring proper data governance (quality security, etc. within the data lake and enterprise data warehouse systems across all business segments.
* Assist with performance-tuning data processes as well as troubleshooting data processing issues.
* Collaborate, coordinate, and communicate across disciplines, departments and segments.
* Develop rapid prototyping and design processes for fast solution delivery to the business.
* Maintain reference architecture and documentation for the purposes of architectural governance and application roadmap.
* Assist in education others on best practices surrounding data work (i.e. data modeling, database design, ETL design, job scheduling and monitoring, etc.).
* Assist or direct feasibility studies and project estimates (manpower, budget development, and timelines, etc.) on proposed research and development projects.
* Follow the directors of the supervisory very efficiently and provide feedback on the technical hurdles and progresses with clarity and assess the priorities based on business needs.
* Complete the tasks under the guidance on mutually agreed schedule between the candidate and the supervisor/program manager with minimum mentoring.


YOUR SKILLS AND EXPERTISE* Bachelor’s degree in computer science, data science or a related field with five (5) or more years of working as a data engineer, ETL developer and/or data warehouse DBA.


STANDOUT QUALIFICATIONS:* Experience with Cloud-based data services and solutions (Azure Synapse / Data Lake, AWS RedShift, Snowflake, GCP Big Query)
* Experience partnering with Analytics and Data Science teams in building out production grade GenAI/ML solutions.
* Familiarity with Change Data Capture solutions (Qlik Replicate, Striim, Debeezium, etc.).
* Experience with big data tools and architectures, such as Cloudera Hadoop, HDFS, Hive, and Spark.
* Working knowledge of telematics interfaces and streaming solutions (MQTT, NiFi, Kafka, etc.).
* Automotive or heavy duty on or off-road vehicle, digital data bus, including Ethernet or Controller Area Network (CAN) experience.
* Highly organized and detail-oriented, with strong critical thinking, analytical, and problem-solving skills.
* Ability to handle multiple tasks in a fast-paced environment, both independently and as part of a team.
* Display excellent interpersonal skills as well as the ability to effectively present information and respond to question from leadership and peers.
* Strong proficiency with SQL, Bash, and Python (and experience with the Anaconda distribution).


Oshkosh is committed to working with and offering reasonable accommodations to job applicants with disabilities. If you need assistance or an accommodation due to a disability for any part of the recruitment process, please contact our reception desk by phone at +1 (920) 502.3009 or our talent acquisition team by email corporatetalentacquisition@oshkoshcorp.com.
Oshkosh Corporation is an Equal Opportunity and Affirmative Action Employer. This company will provide equal opportunity to all individuals without regard to race, color, religion, sex, sexual orientation, gender identity, national origin, disability, or veteran status. Information collected regarding categories as provided by law will in no way affect the decision regarding an employment application.
Oshkosh Corporation will not discharge or in any manner discriminate against employees or applicants because they have inquired about, discussed, or disclosed their own pay or the pay of another employee or applicant. However, employees who have access to the compensation information of other employees or applicants as a part of their essential job functions cannot disclose the pay of other employees or applicants to individuals who do not otherwise have access to compensation information, unless the disclosure is (a) in response to a formal complaint or charge, (b) in furtherance of an investigation, proceeding, hearing, or action, including an investigation conducted by the employer, or (c) consistent with Oshkosh Corporation's legal duty to furnish information.
Certain positions with Oshkosh Corporation require access to controlled goods and technologies subject to the International Traffic in Arms Regulations or the Export Administration Regulations. Applicants for these positions may need to be ""U.S. Persons,"" as defined in these regulations. Generally, a ""U.S. Person"" is a U.S. citizen, lawful permanent resident, or an individual who has been admitted as a refugee or granted asylum.",https://www.indeed.com/cmp/Oshkosh-Corporation,http://www.oshkoshcorp.com,"Oshkosh, WI", Industrial Manufacturing,"10,000+",$5B to $10B (USD),"At Oshkosh, we're making a difference in people's lives and in communities across the world.",https://d2q79iu7y748jz.cloudfront.net/s/_squarelogo/256x256/8a90ee18eb50de597e782a8a27eef0d9,https://d2q79iu7y748jz.cloudfront.net/s/_headerimage/1960x400/37684a7a9442de93bd4b3b55d4a577a9,John Pfeifer,https://d2q79iu7y748jz.cloudfront.net/s/_ceophoto/512x512/3c5f308b3e72f5fdd2c4b6bfb4f84665
019e0f413b1ca4b4,indeed,https://www.indeed.com/viewjob?jk=019e0f413b1ca4b4,https://us241.dayforcehcm.com/CandidatePortal/en-US/flowcontrol/Posting/View/5291?source=Indeed,Sr. Account Manager - Technical Automation Sales,Flow Control Group,US,fulltime,2024-07-26,,,,,False,,,"**Company:** Automatech
  
  

About US
  
AutomaTech is a leading provider of industrial technology solutions focused on improving your operational performance. By harnessing the power of data, we enable significant gains, visibility across your entire organization, and increased profits for a competitive edge. Our product offering includes a flexible and scalable mix of hardware and software solutions to solve your toughest challenges while providing a road map for future improvements and growth. More importantly, we stand behind all our solutions with superior and ongoing support for the lifetime of your products, helping you maximize your investment and operational potential.
  
Our team is passionate about guiding customers through their industrial applications, no matter the size, scope, or obstacles you face. We place a high priority on conducting our business in an ethical manner, from the way that we interact with each other, our customers, and our partners to how we relate to each professional scenario and process. We are focused on performing our job functions with excellence, being honest, reliable, and accessible in all our business dealings. We care about our customers and strive to consistently offer exceptional product knowledge and support to help design, implement, and support their investments.
  
  

**Responsibilities:**  

* Hunt and grow profitable sales at target accounts. Objective: Drive >=30% profitability (less overhead) on project sales.
* Besides, growing sales be accountable for maintaining a rolling 12-month forecast for target accounts in Salesforce. Be active in driving a robust sales pipeline.
* Work with strategic partners to assist in annual joint account planning initiatives. These include but are not limited to GE, Moxa, Stratus, Unitronics, and others.
* Work with the insides sales team to develop quotations and deliver those proposals to existing and prospect customers
* Drive the AutomaTech’ s end-to-end sales process.
* Work closely with existing Inside Sales Managers to up-sell/cross-sell multiple services within target end-user accounts.
* Target Account End User List (work with the Vice President and General Manager) to develop target list
* Lead the “hunting” of new opportunities within our selective target accounts in the New England and Midwest Areas. This is more account based actions then regional coverage based.
* Be the customer advocate and drives towards 70% customer face time.
* Assist in developing the annual sales target plan and rolling twelve-month forecast. This is both a strategic and tactical activity.
* Keep your forecast and sales pipeline up-to-date and accurate in Saleforce.com
* In conjunction with the EVP, Sales, and Marketing, develop contact and sales plan to approach new and current companies /contacts regarding AutomaTech capabilities and offerings
* Participate in marketing activities such as trade shows, seminars, and content development for web materials and white papers
* Maintain relationships with key customers in operations, manufacturing, engineering, maintenance, and manufacturing IT functions.


**Competencies:** Skills, Knowledge, and Experiences
  
* Seven + years of successful Industrial Automation Selling Experience
* Technology Discipline: Electrical Engineering, Mechanical Engineer, Industrial or Computer Science: Bachelor’s degree preferred.
* Have an established network of business contacts and customers within the industrial automation industry.
* Developed and maintain a thorough knowledge of AutomaTech industry segments
* Exceptionally well versed in Industrial Automation Applications (Level 1, Level 2, & Level 3 automation layers). Extreme focus on SCADA, Historian, MES Systems, Cyber Security Platforms, and Machine Learning and Analytics.
* Familiar with the types of technology used by AutomaTech and its customers
* Outstanding communications skills, including written skills, but especially verbal skills
* Ability to create and foster strong relationships with customer by adding value and solving their business challenges
* Motivated and passionate about working with people and overcoming challenges through collaboration and a win-win paradigm
* Strong business acumen and ability to determine the long-term value
* Software Skills: Salesforce.com, Office 365, MS Teams
* Background in consulting or practice lead
* Demonstrated leadership and influence characteristics
* Excellent listening skills


#automatech
  
#FCG-M
  
#LI-JS
  
  

No Agencies, Please",https://www.indeed.com/cmp/Flow-Control-Group,https://flowcontrolgroup.com/,,,"1,001 to 5,000",,"Flow Control Group (FCG) is a leading solutions provider focused on technically oriented products and services for the flow control, industrial automation and life sciences.",https://d2q79iu7y748jz.cloudfront.net/s/_squarelogo/256x256/49439cbdde2bc0556ddce2bef38b8ca7,https://d2q79iu7y748jz.cloudfront.net/s/_headerimage/1960x400/5156992150c571308d81396e30395ddc,David Patterson,https://d2q79iu7y748jz.cloudfront.net/s/_ceophoto/512x512/311306d49f23c24821797845bec89f61
35e947d4f5976dda,indeed,https://www.indeed.com/viewjob?jk=35e947d4f5976dda,https://jobs.lever.co/hopper/d9ccfa92-46eb-455e-9de7-96d5ecc4a1c4,"Senior Fullstack / Web Engineer, Fintech (Remote)",Hopper,"Chicago, IL, US",fulltime,2024-07-26,,,,,True,,,"**About the job**  

A stellar opportunity to have a massive impact: join a growing team at a company continually redefining how people travel. As Senior Web/Fullstack Engineer (70 to 80% Front-end work), you will be directly responsible for many of the innovative features we’ll be working on. Whether it's collaborating with our outstanding design and product teams or helping our data science group, you'll work on bleeding-edge to personalize travel for our ever-expanding population of members.  

In the Hopper Fintech team, we are constantly identifying unique opportunities to help our customers plan their trips better with planning tools like Price Freeze, which allow our customers to protect themselves against price increases as they plan their trip, helping them reduce some of the anxiety around travel planning.  

As a developer at Hopper, you will obsess about UI and user experience. You will also move quickly and help us experiment and iterate fast. You will collaborate with developers, product managers and designers, and break down sophisticated problems into small pieces suitable for quick iterations.  

The ideal candidate is passionate about building high-quality software and takes ownership of their work. You should be adept at quickly delivering quality results and be able to differentiate between critical initial requirements and areas that can be iteratively improved. We'd love to hear from you if you thrive in a fast-paced environment and enjoy creative problem-solving.
### **What your day-to-day would look like:**

+ You will be a hands-on contributor helping to design, build and scale our frontend implementation and architect reusable solutions for product distribution.
+ You will help us deliver a frontend platform for white label sites as well as extending the platform to bring new choices for features for our customers to use.
+ We will also try to make our frontend implementation reusable and easily configurable, with a major goal of being able to deploy new portals in weeks versus months.

### **An ideal candidate has:**

+ Thrived in frontend technologies and delivered delightful user experiences at scale. 5+ years of experience building large-scale frontend systems with React/Typescript
+ Experience designing, building and improving a set of team owned components
+ Experience defining API schemas and developing backend services in a microservices environment
+ Ability to architect scalable and efficient React applications that can be modularized and reused as SDKs
+ Has Full stack background, functional programming experience strongly preferred (Java, Scala, etc…)
+ A passionate focus on quality, writing testable code that performs and scales
+ Ability to thrive in a fast-paced, dynamic environment and adapt to changing priorities
+ Excellent verbal and written communication skills, with the ability to articulate complex technical concepts to non-technical stakeholders
+ Being a great communicator, who can advocate for their proposals while also empathizing with the teammates' goals and priorities

### **Perks & Benefits:**

+ Well-funded and proven startup with large ambitions, competitive salary and the upsides of pre-IPO equity packages
+ Unlimited PTO
+ Carrot Cash travel stipend
+ Flexdesk All Access Pass AND Work-from-home stipend
+ Please ask us about our very generous parental leave, much above industry standards!
+ Entrepreneurial culture where pushing limits and taking risks is everyday business
+ Open communication with management and company leadership
+ Small, dynamic teams = massive impact
+ 100% employer paid medical, dental, vision, disability and life insurance plans
+ Up to 4000$ per year in Health Reimbursement Account (HRA)
+ FSA/ DCA: Hopper offers pre-tax deduction for out-of-pocket expenditures for health and dependent care costs.
+ Access to a 401K plan
+ Annual maximum\*\* is $3,200 for health care, and $5000 for dependent care.

#posttoexternal **More about Hopper**  

At Hopper, we are on a mission to become the leading travel platform globally – powering Hopper’s mobile app, website and our B2B business, HTS (Hopper Technology Solutions). By leveraging massive amounts of data and advanced machine learning algorithms, Hopper combines its world-class travel agency offering with proprietary fintech products to bring transparency, flexibility and savings to travelers globally. We have developed several unique fintech solutions that address everything from pricing volatility to trip disruptions – helping people travel better and save more on their trips.  

The Hopper platform serves hundreds of millions of travelers globally and continues to capture market share around the world. Ranked the third largest online travel agency in North America, the Hopper app has been downloaded over 120 million times and has become largely popular among younger travelers – with 70% of its users being Gen Z and millennials.  

While everyone knows us as the Gen Z and Millennial travel app, Hopper has evolved to become much more than that. In recent years, we’ve grown into a global travel agency and travel fintech provider that powers some of the world’s largest brands.  

  

Through HTS, our B2B division, the company supercharges its partners’ direct channels by integrating our fintech products on their sites or powering end-to-end travel portals. Today, our partners include leading travel brands like Capital One, Nubank, Air Canada and many more.  

Here are just a few stats that demonstrate the company’s recent growth:  

Hopper sells billion worth of travel and travel fintech every year. In 2023, over 1.3 billion trips were planned through the Hopper app and our HTS partnerships.  

Our fintech products – including Price Freeze, Flexibility for Any Reason and Flight Disruption Assistance – have exceptionally strong CSAT because the terms are always clear, and customers receive instant, no-questions-asked resolutions.  

Almost 30% of our app customers purchase at least one fintech product when making a booking; and consumers are 1.6x more likely to repurchase if they add fintech to their booking vs if they booked just travel.  

Given the success of its fintech products, Hopper launched a B2B initiative, HTS (Hopper Technology Solutions), which represents more than 50% of the business.  

 Through HTS, any travel provider (airlines, hotels, banks, travel agencies, etc.) can integrate and seamlessly distribute Hopper’s fintech or travel inventory on their direct channels. As its first HTS partnership, the company partnered with Capital One to co-develop Capital One Travel, a new travel portal designed specifically for cardholders. Other HTS partners include Air Canada, Uber, CommBank, Nubank, Flair Airlines with many more in the pipeline.  

Featured in Apple’s Best of the App Store list of Essential Travel Apps in 2023 and recognized by the likes of Fast Company’s Most Innovative Companies, Hopper has been downloaded over 120 million times and continues to have millions of new installs each month. Hopper is now the #3 largest online travel agency in North America and 70% of our app customers are Gen-Z and millennials travelers.  

Hopper has raised over $750 million USD of private capital and is backed by some of the largest institutional investors and banks in the world. Hopper is primed to continue its acceleration as the world’s fastest-growing mobile-first travel marketplace.  

Come take off with us!",https://www.indeed.com/cmp/Hopper,https://www.hopper.com/,Montreal, Internet And Software,51 to 200,less than $1M (USD),Hopper is the award-winning mobile app that doesn't just let you book flights and accommodations from your phone: It also tells you when is,https://d2q79iu7y748jz.cloudfront.net/s/_squarelogo/256x256/8854d3782c8807bc8c6b764647707f43,https://d2q79iu7y748jz.cloudfront.net/s/_headerimage/1960x400/f8d24ede2f11c81d3506112a1d3e88b1,Frederic Lalonde,https://d2q79iu7y748jz.cloudfront.net/s/_ceophoto/512x512/e5be78a8a5f2b82a020eafa559c5501d
04b01737e7271e36,indeed,https://www.indeed.com/viewjob?jk=04b01737e7271e36,https://rr.jobsyn.org/AFF469BB5FBF479E8CAD2AE98BE60FF31554,Senior Disaster Recovery Operations Engineer L6,Frontdoor,US,fulltime,2024-07-26,,,,,False,,,"Overview
  
  

**Frontdoor, Inc. (NASDAQ:** FTDR) is a company that’s obsessed with taking the hassle out of owning a home. With services powered by people and enabled by technology, it is the parent company of four home service plan brands: American Home Shield, HSA, Landmark and OneGuard, as well as ProConnect, an on-demand membership service for home repairs and maintenance, and Streem, a technology company that enables businesses to serve customers through an enhanced augmented reality, computer vision and machine learning platform. Frontdoor serves 2.2 million customers across the U.S. through a network of approximately 17,000 pre-qualified contractor firms that employ an estimated 60,000 technicians. The company’s customizable home service plans help customers protect and maintain their homes from costly and unexpected breakdowns of essential home systems and appliances. With 50 years of home services experience, the company responds to over four million service requests annually. For more details, visit frontdoorhome.com
  
  

Responsibilities
  
  

The senior disaster Recovery Operations Engineer is critical to operating, implementing, and maintaining complex backup and disaster recovery systems that support an organization's mission-critical operations. This role requires a deep understanding of data center and cloud infrastructure and expertise in backup and disaster recovery solutions. You will work closely with other IT team members, including network engineers, storage engineers, and security professionals, to ensure that backup and disaster recovery systems are integrated seamlessly with the organization's infrastructure and meet all resilience, security, and compliance requirements.
  
  

**Responsibilities:**  

Implement disaster recovery strategies and plans for all critical systems supporting the organization's global infrastructure.
  
  

Operate, maintain, and aid in the development of robust and scalable backup and disaster recovery solutions for an organization's data center and cloud environment.
  
  

Support the organization's backup and disaster recovery needs by creating plans to address those operational needs. You will also support the appropriate tools and technologies, create and maintain documentation, and ensure that all backup and disaster recovery processes are tested and validated regularly.
  
  

Ensure that disaster recovery solutions meet regulatory and compliance requirements.
  
  

Operate as part of an agile team of product owners and engineers to design and implement multi-cloud disaster recovery solutions to ensure the availability of systems across different cloud providers.
  
  

Work with cross-functional teams to develop and implement recovery procedures for applications and datacenters.
  
  

Ensure that disaster recovery solutions align with the organization's business continuity objectives and desired RTO/RPO guidelines.
  
  

Identify future opportunities and sequencing through architectural roadmaps and partnerships with technical product owners.
  
  

Work in a support rotation to maintain disaster recovery operations.
  
  

May assume other duties as applied.
  
  

Qualifications
  
  

**Required Skills:**  

In-depth knowledge of global reliability, data center recovery, application recovery, and multi-cloud disaster recovery solutions and related architecture patterns
  
  

Demonstrated ability to maintain and implementing disaster recovery plans for large-scale enterprise systems and value chains.
  
  

Strong understanding of regulatory and compliance requirements and risk management frameworks and methodologies related to disaster recovery.
  
  

Experience working collaboratively with cross-functional teams across regions to develop and implement architectures, recovery plans, and procedure best practices.
  
  

A solid understanding of system backup SLAs and profiles and the ability to recommend correct approaches to deploy such.
  
  

Experience with enterprise backup orchestration tools – Rubrik, Netbackup, AWS Backup.
  
  

Fundamental understanding of enterprise infrastructure systems – CDM, Ontap, Linux, Windows, Oracle, MySQL, Postgres.
  
  

Fundamental scripting ability to automate daily operations – Bash, Python, etc.
  
  

Deep experience in at least one of the following cloud platforms - AWS, Azure, GCP.
  
  

Need help finding the right job?
  
  

We can recommend jobs specifically for you!
  
  

Job Locations US
  
  

ID 2024-3529
  
  

Category Engineering
  
  

Type Full Time
  
  

Company AHS American Home Shield Corp",https://www.indeed.com/cmp/Frontdoor-3,https://frontdoor.jobs/,150 Peabody Place Memphis TN 38103 US, Human Resources And Staffing,"10,000+",,"Frontdoor, Inc. is the largest provider of home service plans in the United States, with a nationwide network of more than 15,000 pre-qualified professional contractor firms.",https://d2q79iu7y748jz.cloudfront.net/s/_squarelogo/256x256/a3fd2995a0853f58f54a8abb9d573886,https://d2q79iu7y748jz.cloudfront.net/s/_headerimage/1960x400/48801e961053b164e60b398fffaca596,Rex Tibbens,https://d2q79iu7y748jz.cloudfront.net/s/_ceophoto/512x512/970d559c0b6b2a6775e480955f3939b3
7fb31e1af977851b,indeed,https://www.indeed.com/viewjob?jk=7fb31e1af977851b,https://jobs.ashbyhq.com/quora/d6f83da3-6de0-48d2-b655-09ff1e59e813?utm_source=36mN64RlmA,Senior Product Manager - Ads (Remote),Quora,"TX, US",fulltime,2024-07-26,yearly,137459.0,201777.0,USD,True,,,"*[****Quora is a ""remote-first"" company******.*** *This position can be performed remotely from multiple countries around the world. Please visit* *careers.quora.com/eligible-countries* *for details regarding employment eligibility by country.]*

**About Quora:**
----------------


Quora’s mission is to grow and share the world’s knowledge. To do so, we have two knowledge sharing products:

* Quora: a global knowledge sharing platform with over 400M monthly unique visitors, bringing people together to share insights on various topics and providing a unique platform to learn and connect with others.
* Poe: a platform providing millions of global users with one place to chat, explore and build with a wide variety of AI language models (bots), including GPT-4, Claude 3, Gemini Pro, DALL-E 3 and more. As AI capabilities rapidly advance, Poe provides a single platform to instantly integrate and utilize these new models.


Behind these products are passionate, collaborative, and high-performing global teams. We have a culture rooted in transparency, idea-sharing, and experimentation that allows us to celebrate success and grow together through meaningful work. Join us on this journey to create a positive impact and make a significant change in the world.

**About the Team and Role:**
----------------------------


Product managers take on a vital and prominent role at Quora. They each own a significant portion of the product experience, and they are the source of guidance, enablement, and acceleration for their partners to ship successful products. In this role, you'll have the opportunity to drive company-level impact, influence overall company strategy, and interface regularly with product leadership and the executive team.


We're seeking an experienced Product Manager to lead our ads team and drive the strategy and execution of Quora's advertising products. The ads team is a tight, dedicated cross-functional group of engineers, machine learning specialists, data scientists and designers. The ads team is responsible for running and building the advertising platform for Quora. To bring it to life, they partner with many other teams from Sales and Operations to organic Quora product and Policy. In this high-impact role, you'll scale our advertising platform, enhance our offerings for advertisers, and ultimately grow Quora's revenue while maintaining a great experience for our users.

**Responsibilities:**
---------------------

* Own and drive the product strategy and roadmap for Quora's advertising products
* Lead a tight-knit, high-performing team of product engineers, ML engineers, and data scientists
* Collaborate closely with Sales, Product Operations, and organic Quora product teams to align on priorities and execute effectively
* Conduct regular reviews with Quora product teams and company executives, driving strategic discussions and decision-making
* Define key metrics and objectives to measure the success of our ad products
* Analyze product performance using both quantitative and qualitative data to guide improvements
* Stay informed about industry trends and competitive landscape to inform product direction
* Manage project complexity and interdependencies in a fast-paced environment

**Minimum Requirements:**
-------------------------

* **Ability to be available for meetings and impromptu communication during Quora's “****coordination hours****"" (Mon-Fri: 9am-3pm Pacific Time)**
* 4+ years of product management experience, preferably with some focus on advertising products
* Strong analytical skills and data-driven decision-making
* Excellent communication and presentation skills, with the ability to articulate complex concepts to various stakeholders
* Experience working in lean, fast-paced environments
* Bachelor's degree in Computer Science, Engineering, or related field (or equivalent practical experience)

**Preferred Requirements:**
---------------------------

* Previous experience leading and scaling advertising products
* Understanding of machine learning and its applications in advertising
* Experience working with sales teams and understanding advertiser needs
* MBA or advanced degree in a relevant field

**At Quora, we value diversity and inclusivity and welcome individuals from all backgrounds, including marginalized or underrepresented groups in tech, to apply for our job openings. We encourage all candidates who share a passion for growing the world’s knowledge, even those who may not strictly meet all the preferred requirements, to apply, as we know that a diverse range of perspectives can have a significant impact on our products and our culture.**

**Additional Information:**
---------------------------


We are accepting applications on an ongoing basis.


Quora offers a wide range of benefits including medical/dental/vision coverage, equity refreshers, remote work reimbursement, paid time off, employee assistance programs, and more. Benefits are country-specific and may vary. For more information on benefits, visit this link: https://www.careers.quora.com/benefits


There are many factors that will determine the starting pay, including but not limited to experience, location, education, and business needs.


* US candidates only: For US based applicants, the salary range is $135,840 - $201,800 USD + equity + benefits.
* Canada candidates only: For Canada based applicants, the salary range is $139,459 - $207,177 CAD + equity + benefits.


We are an equal opportunity employer and value diversity at our company. We do not discriminate on the basis of race, religion, color, national origin, gender, sexual orientation, age, marital status, veteran status, or disability status.


Job Applicant Privacy Notice: https://www.careers.quora.com/applicant-privacy-notice


#LI-AR1
  

#LI-REMOTE",https://www.indeed.com/cmp/Quora,https://www.quora.com,"Mountain View, California",,,,,,,,
3a09022a5f07cbf9,indeed,https://www.indeed.com/viewjob?jk=3a09022a5f07cbf9,https://grnh.se/0904f68d2us,"Principal Engineer, Production",Venture Global LNG,"Cameron, LA, US",,2024-07-26,,,,,False,,,"Venture Global LNG (""Venture Global"") is a long-term, low-cost provider of American-produced liquefied natural gas. The company's two Louisiana-based export projects service the global demand for North American natural gas and support the long-term development of clean and reliable North American energy supplies. Using reliable, proven technology in an innovative plant design configuration, Venture Global's modular, mid-scale plant design will replace traditional designs as it allows for the same efficiency and operational reliability at significantly lower capital cost.



We are seeking a Principal Production Engineer in Integrated Production System Modeling to join the Integrated Production Excellence team based in Cameron, LA at our Calcasieu Pass LNG Facility.



This role will report to the VP Integrated Production Excellence and will be responsible for setting up and deploying the Integrated Production System Modelling (IPSM) Strategy for Venture Global LNG across all sites.



Responsibilities:


* Setting up the IPSM Strategy for all Venture Global LNG sites, i.e., which modelling platforms to use for what purpose, to support real time Production optimization, surveillance and forecasting, including steady state and transient modelling
* Develop the Integrated Production System Models needed to optimize LNG rundown for the short, medium and long term
* Calibrate and maintain the Integrated Production System Models and engage with Operations Engineering, the Production Chemistry team and IT to ensure that all models are predictable and healthy
* Work with the Operations Engineering team to define the Live Operating Envelope Limits of all Venture Global LNG operating sites
* Engage with Operations, Corporate Engineering and Operations Engineering to provide insights to Production Performance and identify improvement opportunities to increase LNG rundown
* Play a key part in Setting up the Integrated Collaborative Environment and ensure all the Venture Global LNG IPSM models are integrated in the Company's surveillance and optimization platforms, including but not limited to PI.
* Coach and develop Production and Process Engineers to use the Venture Global LNG IPSM models to safely optimize LNG rundown
* Travel to other locations as needed.


Qualifications:


* Bachelor's degree in Process/Chemical Engineering
* Minimum 15 years' experience working as a Process/Production Engineer with a demonstrated track record of Production performance improvement.
* Minimum 10 years' experience in Integrated Production System Modelling using UniSim/Hysys/Petex/PI
* Experience with Data driven Models using Artificial Intelligence, machine learning and Advanced Analytics will be a plus
* Oil and Gas experience is required, with strong preference in LNG, however, petrochemical, NGL, cryogenic natural gas processing, or other hydrocarbon processing experience may be acceptable.


*Venture Global LNG is an Equal Opportunity Employer. We do not discriminate on the basis of race, religion, color, sex, gender identity, sexual orientation, age,* ***non****-disqualifying physical or mental disability, national origin, veteran status or any other basis covered by appropriate law.*

  


#LI-Onsite",https://www.indeed.com/cmp/Venture-Global-Lng,http://www.vglng.com,Arlington,,11 to 50,,,https://d2q79iu7y748jz.cloudfront.net/s/_squarelogo/256x256/b72b5dabeebfad7cd069288e90fd4875,,,
e31815d162d60f53,indeed,https://www.indeed.com/viewjob?jk=e31815d162d60f53,https://grnh.se/4ea880131us,"Data Scientist, Predictive Modeling",CARVANA,"Tempe, AZ, US",fulltime,2024-07-26,,,,,False,,,"**About Carvana**



If you like disrupting the norm and are looking for a company revolutionizing an industry then you will LOVE what Carvana has done for the car buying experience. Buying a car the old fashioned way sucks and we are working hard to make it NOT suck. At Carvana, our customers can hop online to...


* Search and browse our inventory of over 20,000 vehicles that we own and certify.
* Narrow down search results using highly intelligent filtering tools/components.
* View vehicle details, Carfax reports, and 360 rotating studio images for every vehicle.
* Secure financing in minutes using Carvana's in-house service or their own bank.
* Interact with GUI components to easily customize loan length, down payment, and monthly payment.
* Generate, upload, and eSign all documents online (no ink necessary).
* Schedule front door delivery or pick up at one of our vending machines.
* Trade-in their existing vehicle or just sell it to Carvana (no purchase necessary).


For more information on Carvana and our mission, you can learn more about what it's like to work here from the people that already do.


**About the team and position**



In today's world, data is king and this is the team with all the data. If you're excited about understanding complex data sets from disparate sources, this is the team for you. Our data science and analytics team automates everything Carvana does from modeling consumer behavior to understanding how to make our users' lives better.



We're looking for an enthusiastic individual to join our Predictive Modeling team as a Data Scientist focused on finance risk. This role uses data from across Carvana and external sources to understand past consumer behavior, identify high risk indicators, and predict future behavior. You will work cross-functionally with data analysts, engineers, and our Finance team stakeholders to build models that manage risk throughout the auto finance business and the purchase process. The Predictive Modeling team consists of top-caliber professionals who use a large array of data and apply cutting edge methods in machine learning, experimental design, statistics, as well as simulation and optimization to drive top-line results.


**What you'll be doing**


* Use your heavy statistical and econometric background to build state-of-the-art predictive models that estimate risk at all steps of the purchase process.
* Develop algorithms that improve model performance and/or efficiency.
* Work with our data engineers to ensure models are implemented correctly and efficiently.
* Communicate analytical findings on your work to the finance, underwriting, and verification teams as well as executive leadership.
* Discover new ways to drive value through data featurization and exploration.
* Measure model performance and impact through experimental design.
* Identify and drive the implementation of new data sources.
* Assist in building and maintaining team Data Science best practices.
* Other duties as assigned.


**What you should have**


* Graduate degree in a quantitative discipline such as Math, Statistics, Economics, or Econometrics with an undergraduate degree in a similar discipline.
* 2+ years of experience doing quantitative analysis, with proven experience delivering results on research or analytics projects.
* Fluency in SQL and at least one statistical package such as Python, R, SAS, MATLAB, etc.
* Adept at managing projects to completion without guidance.
* Ability to clearly communicate ideas and execution plans to both technical and non-technical teams.
* Thrive (and prefer to work) in a dynamic, fast-paced environment with frequently changing goals and deadlines.


**What we'll offer in return**


* Full-Time Salary Position with a competitive salary.
* Medical, Dental, and Vision benefits.
* 401K with company match.
* A multitude of perks including student loan payments, discounts on vehicles, benefits for your pets, and much more.
* A great wellness program to keep you healthy and happy both physically and mentally.
* Access to opportunities to expand your skill set and share your knowledge with others across the organization.
* A company culture of promotions from within, with a start-up atmosphere allowing for varied and rapid career development.
* A seat in one of the fastest-growing companies in the country.


**Other requirements**



To be able to do your job at Carvana, there are some basic requirements we want to share with you.


* Must be able to read, write, speak and understand English.


Of course, we'll make any reasonable accommodations for those with disabilities to perform the essential functions of their jobs.


**Legal stuff**



Hiring is contingent on passing a complete background check. This role is not eligible for visa sponsorship.



Carvana is an equal employment opportunity employer. All applicants receive consideration for employment without regard to race, color, religion, gender, sexual orientation, gender identity or expression, marital status, national origin, age, mental or physical disability, protected veteran status, or genetic information, or any other basis protected by applicable law. Carvana also prohibits harassment of applicants or employees based on any of these protected categories.



Please note this job description is not designed to contain a comprehensive listing of activities, duties, or responsibilities that are required of the employee for this job. Duties, responsibilities, and activities may change at any time with or without notice.",https://www.indeed.com/cmp/Carvana,http://www.carvana.com,"Tempe, AZ",,"10,000+",Decline to state,,https://d2q79iu7y748jz.cloudfront.net/s/_squarelogo/256x256/8eef5fa003a96c1b82c9be6d1616d257,https://d2q79iu7y748jz.cloudfront.net/s/_headerimage/1960x400/990bdca1e3a4664fab8bdbd285b74680,Ernie Garcia,https://d2q79iu7y748jz.cloudfront.net/s/_ceophoto/512x512/7024a2386cb521bdab138741b27b58d2
745b73443487172a,indeed,https://www.indeed.com/viewjob?jk=745b73443487172a,https://careers.google.com/jobs/results/76053160845550278-data-engineer/,"Data Engineer, Data Science, Google Customer Solutions",Google,"New York, NY, US",fulltime,2024-07-26,,,,,False,,,"Note: By applying to this position you will have an opportunity to share your preferred working location from the following: **New York, NY, USA; Mountain View, CA, USA; San Francisco, CA, USA**.### **Minimum qualifications:**

* Bachelor’s degree or equivalent practical experience.
* 3 years of experience coding in one or more object oriented programming languages (Java, C++, Python, etc.).
* 3 years of experience designing data models, data warehouses, and using SQL and NoSQL database management systems along with data processing using traditional and distributed systems (e.g., Hadoop, Spark, Dataflow, Airflow).
* Experience working in a data science environment, creating feature stores and supporting feature engineering and model automation needs.

  

### **Preferred qualifications:**

* Experience working with cloud platforms, big data tools and distributed computing.
* Experience with creation and usage of graph and other non-relational databases.
* Ability to easily break down ambiguous problems and propose impactful data modeling designs.
* Passion for analyzing large and complex data sets and converting them into the information which drive business decisions.
  


**About the job**
-----------------


Google Customer Solutions Data Science is harnessing the power of machine learning and artificial intelligence to build solutions that enable Small and Medium Businesses (SMB) Ads Sales teams to grow smarter and faster. AI-driven tools and systems can help automate repetitive tasks, improve decision-making processes, and unlock valuable insights from large volumes of data. We are Embracing AI as a strategic cornerstone for growth which will empower Google Customer Solutions (GCS) to grow in an increasingly engaged market and unlock new opportunities for success.


As a Data Engineer, you will use an investigative, data-driven approach to drive an understanding of our fast changing business. You will build data pipelines and tools that enable data scientists, machine learning operations engineers, and analysts. Through feature engineering and wrangling, you will create automated data extracts and production ready machine learning feeds that provide scaled insights for both the Data Science team and their users.  

Google Customer Solutions (GCS) sales teams are trusted advisors and competitive sellers who maintain a relentless focus on customer success by bringing the best Google has to offer to small- and medium-sized businesses (SMBs), which are the backbone of our communities. As a member of our team, you’ll have the opportunity to work with company owners and make a real difference in their businesses by helping them grow. Together, we help shape the future of innovation for customers, partners, and sellers...and we have fun doing it.


The US base salary range for this full-time position is $118,000-$174,000 + bonus + equity + benefits. Our salary ranges are determined by role, level, and location. The range displayed on each job posting reflects the minimum and maximum target salaries for the position across all US locations. Within the range, individual pay is determined by work location and additional factors, including job-related skills, experience, and relevant education or training. Your recruiter can share more about the specific salary range for your preferred location during the hiring process.  

  

Please note that the compensation details listed in US role postings reflect the base salary only, and do not include bonus, equity, or benefits. Learn more about benefits at Google.

**Responsibilities**
--------------------

* Build data pipelines, reports, best practices and frameworks that enable program managers, analysts and other stakeholders across the organization.
* Recognize and adopt best practices in developing pipelines, investigative insights including data integrity, test design, analysis, validation and documentation.
* Design and develop scalable and actionable solutions (e.g., dashboards, automated collateral, web applications) and provide insights to help our advertisers grow.
* Work closely with various stakeholders to understand feature/tooling gaps and innovate on behalf of our customers.
Google is proud to be an equal opportunity workplace and is an affirmative action employer. We are committed to equal employment opportunity regardless of race, color, ancestry, religion, sex, national origin, sexual orientation, age, citizenship, marital status, disability, gender identity or Veteran status. We also consider qualified applicants regardless of criminal histories, consistent with legal requirements. See also Google's EEO Policy and EEO is the Law. If you have a disability or special need that requires accommodation, please let us know by completing our Accommodations for Applicants form.",https://www.indeed.com/cmp/Google,http://goo.gle/3ygdkgv,"Mountain View, CA",,"10,000+",more than $10B (USD),Our mission is to organize the world’s information and make it universally accessible and useful. ,https://d2q79iu7y748jz.cloudfront.net/s/_squarelogo/256x256/fff4be3829cee39e477a518f55475f44,https://d2q79iu7y748jz.cloudfront.net/s/_headerimage/1960x400/56b1f27b69e0e2c02b8e9ad6e5fce05f,Sundar Pichai,https://d2q79iu7y748jz.cloudfront.net/s/_ceophoto/512x512/417a5815642490eb9a47ed7970a26c97
f70b89b6ae163cdc,indeed,https://www.indeed.com/viewjob?jk=f70b89b6ae163cdc,https://careers.google.com/jobs/results/121140662367068870-staff-software-engineer/,"Staff Software Engineer, AI Innovation and Research",Google,"New York, NY, US",fulltime,2024-07-26,,,,,False,,,"Note: By applying to this position you will have an opportunity to share your preferred working location from the following: **Mountain View, CA, USA; New York, NY, USA; San Francisco, CA, USA**.### **Minimum qualifications:**

* Bachelor's degree or equivalent practical experience.
* 8 years of experience in software development, and with data structures/algorithms.
* 5 years of experience testing, and launching software products, and 3 years of experience with software design and architecture.
* 5 years of experience with machine learning algorithms and tools (e.g., TensorFlow), artificial intelligence, deep learning, or natural language processing.
* Experience with applied research on machine learning models.

  

### **Preferred qualifications:**

* Master’s degree or PhD in Engineering, Computer Science, or a related technical field.
* 3 years of experience in a technical leadership role leading project teams and setting technical direction.
* 3 years of experience working in a complex, matrixed organization involving cross-functional, or cross-business projects.
* Experience with Machine Learning (ML) infrastructure.

**About the job**
-----------------


Google's software engineers develop the next-generation technologies that change how billions of users connect, explore, and interact with information and one another. Our products need to handle information at massive scale, and extend well beyond web search. We're looking for engineers who bring fresh ideas from all areas, including information retrieval, distributed computing, large-scale system design, networking and data storage, security, artificial intelligence, natural language processing, UI design and mobile; the list goes on and is growing every day. As a software engineer, you will work on a specific project critical to Google’s needs with opportunities to switch teams and projects as you and our fast-paced business grow and evolve. We need our engineers to be versatile, display leadership qualities and be enthusiastic to take on new problems across the full-stack as we continue to push technology forward.



In this role, you will advance cutting-edge AI research and create products and experiences for the future driving transformative user impact through our products. You will partner with researchers across Alphabet to develop and enhance key emerging AI capabilities critical to products. You will design and experiment new applications and step-change user experiences in partnership with other teams.


Google Research addresses challenges that define the technology of today and tomorrow. From conducting fundamental research to influencing product development, our research teams have the opportunity to impact technology used by billions of people every day.
  

  

Our teams aspire to make discoveries that impact everyone, and core to our approach is sharing our research and tools to fuel progress in the field - we publish regularly in academic journals, release projects as open source, and apply research to Google products.


The US base salary range for this full-time position is $189,000-$284,000 + bonus + equity + benefits. Our salary ranges are determined by role, level, and location. The range displayed on each job posting reflects the minimum and maximum target salaries for the position across all US locations. Within the range, individual pay is determined by work location and additional factors, including job-related skills, experience, and relevant education or training. Your recruiter can share more about the specific salary range for your preferred location during the hiring process.


Please note that the compensation details listed in US role postings reflect the base salary only, and do not include bonus, equity, or benefits. Learn more about benefits at Google.
**Responsibilities**
--------------------

* Write product or system development code.
* Lead design reviews with peers and stakeholders to decide amongst available technologies.
* Partner closely with researchers across Alphabet to build edge focused emerging AI capabilities and technologies.
* Partner closely with multiple Product teams to develop novel user experiences.
* Develop software development design and launch new product features.
Google is proud to be an equal opportunity workplace and is an affirmative action employer. We are committed to equal employment opportunity regardless of race, color, ancestry, religion, sex, national origin, sexual orientation, age, citizenship, marital status, disability, gender identity or Veteran status. We also consider qualified applicants regardless of criminal histories, consistent with legal requirements. See also Google's EEO Policy and EEO is the Law. If you have a disability or special need that requires accommodation, please let us know by completing our Accommodations for Applicants form.",https://www.indeed.com/cmp/Google,http://goo.gle/3ygdkgv,"Mountain View, CA",,"10,000+",more than $10B (USD),Our mission is to organize the world’s information and make it universally accessible and useful. ,https://d2q79iu7y748jz.cloudfront.net/s/_squarelogo/256x256/fff4be3829cee39e477a518f55475f44,https://d2q79iu7y748jz.cloudfront.net/s/_headerimage/1960x400/56b1f27b69e0e2c02b8e9ad6e5fce05f,Sundar Pichai,https://d2q79iu7y748jz.cloudfront.net/s/_ceophoto/512x512/417a5815642490eb9a47ed7970a26c97
